title,link,company_name,reward
"프론트엔드(React Native, Next.js) 개발자 (5년 이상)",https://www.wanted.co.kr//wd/259775,주토피아프레시,합격보상금 100만원
"프론트엔드 ( Flutter, Next js ) 개발자 JD",https://www.wanted.co.kr//wd/214491,용감한파커들,합격보상금 100만원
"주니어 프론트엔드 (Flutter, Next js) 개발자",https://www.wanted.co.kr//wd/263167,컨시언스파트너스,합격보상금 100만원
"Back-end 개발자 (Node.js, Express, Next.js)",https://www.wanted.co.kr//wd/251786,딥브레인에이아이,합격보상금 100만원
React & Next.js 프론트엔드 개발자,https://www.wanted.co.kr//wd/258354,한국기술마켓,합격보상금 100만원
웹 프론트엔드 (NextJS) 개발자,https://www.wanted.co.kr//wd/250538,에듀이엔브이,합격보상금 100만원
"프론트엔드(React Native, Next.js) 개발자 (5년 이상)",https://www.wanted.co.kr//wd/259775,주토피아프레시,합격보상금 100만원
"프론트엔드 ( Flutter, Next js ) 개발자 JD",https://www.wanted.co.kr//wd/214491,용감한파커들,합격보상금 100만원
"주니어 프론트엔드 (Flutter, Next js) 개발자",https://www.wanted.co.kr//wd/263167,컨시언스파트너스,합격보상금 100만원
"Back-end 개발자 (Node.js, Express, Next.js)",https://www.wanted.co.kr//wd/251786,딥브레인에이아이,합격보상금 100만원
React & Next.js 프론트엔드 개발자,https://www.wanted.co.kr//wd/258354,한국기술마켓,합격보상금 100만원
웹 프론트엔드 (NextJS) 개발자,https://www.wanted.co.kr//wd/250538,에듀이엔브이,합격보상금 100만원
